Workbook

Sheet driverAlias
A1: Number | B1: Unique Drivers IDs | C1: NUM | D1: CLR | E1: DRV | F1: DRV_TLA | G1: SPN_TM | H1: TM | I1: TM_sorting_TLA | J1: TM_TLA | K1: MAN | L1: MAN_TLA | M1: Alias1 | N1: Alias2 | O1: Alias3 | P1: Alias4 | Q1: Alias5 | R1: Alias6 | S1: Alias7 | T1: Alias8 | U1: Alias9 | V1: Alias10 | W1: Alias11 | X1: Alias12 | Y1: Alias13 | Z1: Alias14 | AA1: Alias15 | AB1: Alias16 | AC1: Alias17 | AD1: Alias18 | AE1: Alias19 | AF1: Alias20
A2: 1 | B2: 38-RG, GEN3 Ford | C2: 1 | D2: [255, 255, 255] | E2: Chaz Mostert | F2: MOS | G2: Mobile 1 Optus Racing | H2: Walkinshaw TWG Racing | I2: 03_WTG | J2: =VLOOKUP(H2, teamLookup!A:B, 2, FALSE) -> WTR | K2: Toyota | L2: TOY | M2: Chaz Mostert, WR-032 | N2: Chaz_Mostert | O2: CM | P2: temp | Q2: =_xlfn.CONCAT(C2,"-",O2) -> 1-CM | R2: Chaz Mostert | S2: temp | T2: temp | U2: temp | V2: temp | W2: temp | X2: temp | Y2: temp | Z2: temp | AA2: temp | AB2: temp | AC2: temp | AD2: temp | AE2: temp | AF2: temp
A3: 2 | B3: 6-CW, GEN3 Ford | C3: 2 | D3: [255, 255, 255] | E3: Ryan Wood | F3: WOO | G3: Mobile 1 Truck Racing | H3: Walkinshaw TWG Racing | I3: 03_WTG | J3: =VLOOKUP(H3, teamLookup!A:B, 2, FALSE) -> WTR | K3: Toyota | L3: TOY | M3: Ryan Wood, WR-030 | N3: Ryan_Wood | O3: RW | P3: temp | Q3: =_xlfn.CONCAT(C3,"-",O3) -> 2-RW | R3: Ryan Wood | S3: temp | T3: temp | U3: temp | V3: temp | W3: temp | X3: temp | Y3: temp | Z3: temp | AA3: temp | AB3: temp | AC3: temp | AD3: temp | AE3: temp | AF3: temp
A4: 3 | B4: 96-MJ, GEN3 Toyota | C4: 3 | D4: [255, 255, 255] | E4: Aaron Cameron | F4: CAM | G4: Liqui Moly BHLAST Racing | H4: Blanchard Racing Team | I4: 11_BRT | J4: =VLOOKUP(H4, teamLookup!A:B, 2, FALSE) -> BRT | K4: Ford | L4: FRD | M4: Aaron Cameron, BRT-001 | N4: Aaron_Cameron | O4: AC | P4: temp | Q4: =_xlfn.CONCAT(C4,"-",O4) -> 3-AC | R4: temp | S4: temp | T4: temp | U4: temp | V4: temp | W4: temp | X4: temp | Y4: temp | Z4: temp | AA4: temp | AB4: temp | AC4: temp | AD4: temp | AE4: temp | AF4: temp
A5: 4 | B5: 17-BK, GEN3 Ford | C5: 4 | D5: [255, 255, 255] | E5: Jack Le Brocq | F5: LEB | G5: Sherrin Rentals Racing | H5: Matt Stone Racing | I5: 07_MSR | J5: =VLOOKUP(H5, teamLookup!A:B, 2, FALSE) -> MSR | K5: Chevrolet | L5: CHV | M5: Jack Le Brocq, MSR-005 | N5: Jack Le Brocq | O5: JLB | P5: temp | Q5: =_xlfn.CONCAT(C5,"-",O5) -> 4-JLB | R5: jack_le_brocq | S5: temp | T5: temp | U5: temp | V5: temp | W5: temp | X5: temp | Y5: temp | Z5: temp | AA5: temp | AB5: temp | AC5: temp | AD5: temp | AE5: temp | AF5: temp
A6: 5 | B6: 55-TR, GEN3 Ford | C6: 6 | D6: [255, 255, 255] | E6: Cameron Waters | F6: WAT | G6: Monster Energy Racing | H6: Tickford Racing | I6: 02_TFR | J6: =VLOOKUP(H6, teamLookup!A:B, 2, FALSE) -> TCK | K6: Ford | L6: FRD | M6: Cam Waters, TR28 | N6: Cam Waters | O6: CW | P6: Cameron_Waters | Q6: =_xlfn.CONCAT(C6,"-",O6) -> 6-CW | R6: Cam Waters | S6: temp | T6: temp | U6: temp | V6: temp | W6: temp | X6: temp | Y6: temp | Z6: temp | AA6: temp | AB6: temp | AC6: temp | AD6: temp | AE6: temp | AF6: temp
A7: 6 | B7: 8-AH, GEN3 Toyota | C7: 7 | D7: [255, 255, 255] | E7: James Golding | F7: GOL | G7: Cooldrive Dacing | H7: Blanchard Racing Team | I7: 11_BRT | J7: =VLOOKUP(H7, teamLookup!A:B, 2, FALSE) -> BRT | K7: Ford | L7: FRD | M7: James Golding, BRT-002 | N7: temp | O7: JG | P7: James_Golding | Q7: =_xlfn.CONCAT(C7,"-",O7) -> 7-JG | R7: temp | S7: temp | T7: temp | U7: temp | V7: temp | W7: temp | X7: temp | Y7: temp | Z7: temp | AA7: temp | AB7: temp | AC7: temp | AD7: temp | AE7: temp | AF7: temp
A8: 7 | B8: 9-JS, GEN3 GM | C8: 8 | D8: [255, 255, 255] | E8: Andre Heimgartner | F8: HEI | G8: R&J Batteries Racing | H8: Brad Jones Racing | I8: 09_BJR | J8: =VLOOKUP(H8, teamLookup!A:B, 2, FALSE) -> BJR | K8: Toyota | L8: TOY | M8: Andre Heimgartner, BJR019 | N8: Andre Heimgartner, BJR019 | O8: AH | P8: Andre_Heimgartner | Q8: =_xlfn.CONCAT(C8,"-",O8) -> 8-AH | R8: temp | S8: temp | T8: temp | U8: temp | V8: temp | W8: temp | X8: temp | Y8: temp | Z8: temp | AA8: temp | AB8: temp | AC8: temp | AD8: temp | AE8: temp | AF8: temp
A9: 8 | B9: 18-ADP, GEN3 GM | C9: 9 | D9: [255, 255, 255] | E9: Jobe Stewart | F9: STE | G9: Erebus Motorsport | H9: Erebus Motorsport | I9: 06_ERE | J9: =VLOOKUP(H9, teamLookup!A:B, 2, FALSE) -> ERE | K9: Chevrolet | L9: CHV | M9: Jobe Stewart, EM07 | N9: temp | O9: JS | P9: Jobe_Stewart | Q9: =_xlfn.CONCAT(C9,"-",O9) -> 9-JS | R9: temp | S9: temp | T9: temp | U9: temp | V9: temp | W9: temp | X9: temp | Y9: temp | Z9: temp | AA9: temp | AB9: temp | AC9: temp | AD9: temp | AE9: temp | AF9: temp
A10: 9 | B10: 26-KA, GEN3 Ford | C10: 10 | D10: [255, 255, 255] | E10: Zach Bates | F10: BAT | G10: Bendix Racing | H10: Matt Stone Racing | I10: 07_MSR | J10: =VLOOKUP(H10, teamLookup!A:B, 2, FALSE) -> MSR | K10: Chevrolet | L10: CHV | M10: Zach Bates, MSR-006 | N10: temp | O10: ZB | P10: Zach_Bates | Q10: =_xlfn.CONCAT(C10,"-",O10) -> 10-ZB | R10: temp | S10: temp | T10: temp | U10: temp | V10: temp | W10: temp | X10: temp | Y10: temp | Z10: temp | AA10: temp | AB10: temp | AC10: temp | AD10: temp | AE10: temp | AF10: temp
A11: 10 | B11: 99-CM, GEN3 GM | C11: 11 | D11: [255, 255, 255] | E11: Jackson Walls | F11: WAL | G11: Objective Racing | H11: SCT Motorsport | I11: 01_T8R | J11: =VLOOKUP(H11, teamLookup!A:B, 2, FALSE) -> SCT | K11: Ford | L11: FRD | M11: Jackson Walls, 888A-074 | N11: temp | O11: JW | P11: Jackson_Walls | Q11: =_xlfn.CONCAT(C11,"-",O11) -> 11-JW | R11: Jackson Walls | S11: temp | T11: temp | U11: temp | V11: temp | W11: temp | X11: temp | Y11: temp | Z11: temp | AA11: temp | AB11: temp | AC11: temp | AD11: temp | AE11: temp | AF11: temp
A12: 11 | B12: 4-JLB, GEN3 GM | C12: 14 | D12: [255, 255, 255] | E12: Cameron Hill | F12: HIL | G12: Dare Iced Coffee Racing | H12: Brad Jones Racing | I12: 09_BJR | J12: =VLOOKUP(H12, teamLookup!A:B, 2, FALSE) -> BJR | K12: Toyota | L12: TOY | M12: Cameron Hill, BJR020 | N12: Cam Hill | O12: CH | P12: Cameron_Hill | Q12: =_xlfn.CONCAT(C12,"-",O12) -> 14-CH | R12: temp | S12: temp | T12: temp | U12: temp | V12: temp | W12: temp | X12: temp | Y12: temp | Z12: temp | AA12: temp | AB12: temp | AC12: temp | AD12: temp | AE12: temp | AF12: temp
A13: 12 | B13: 10-ZB, GEN3 GM | C13: 17 | D13: [255, 255, 255] | E13: Brodie Kostecki | F13: KOS | G13: Shell V-Power Racing Team | H13: Dick Johnson Racing | I13: 05_DJR | J13: =VLOOKUP(H13, teamLookup!A:B, 2, FALSE) -> DJR | K13: Ford | L13: FRD | M13: Brodie Kostecki, DJRS09-MR | N13: temp | O13: BK | P13: Brodie_Kostecki | Q13: =_xlfn.CONCAT(C13,"-",O13) -> 17-BK | R13: temp | S13: temp | T13: temp | U13: temp | V13: temp | W13: temp | X13: temp | Y13: temp | Z13: temp | AA13: temp | AB13: temp | AC13: temp | AD13: temp | AE13: temp | AF13: temp
... A25: 24 | B25: 888-WB, GEN3 Ford | C25: 888 | D25: [255, 255, 255] | E25: William Brown | F25: BRO | G25: Red Bull Ampol Racing | H25: Triple Eight Race Engineering | I25: 01_T8R | J25: =VLOOKUP(H25, teamLookup!A:B, 2, FALSE) -> T8R | K25: Ford | L25: FRD | M25: Will Brown, 888A-073 | N25: Will Brown | O25: BR | P25: Will_Brown | Q25: =_xlfn.CONCAT(C25,"-",O25) -> 888-BR | R25: william_brown | S25: 888-WB | T25: Will Brown | U25: temp | V25: temp | W25: temp | X25: temp | Y25: temp | Z25: temp | AA25: temp | AB25: temp | AC25: temp | AD25: temp | AE25: temp | AF25: temp
A26: 25 | B26: 31-JO, GEN3 GM | C26: 55 | D26: [255, 255, 255] | E26: Mark Winterbottom | F26: WIN | G26: Castrol Racing | H26: Tickford Racing | I26: 02_TFR | J26: =VLOOKUP(H26, teamLookup!A:B, 2, FALSE) -> TCK | K26: Ford | L26: FRD | M26: Mark Winterbottom, TR26 | N26: Mark_Winterbottom | O26: MW | P26: Mark Winterbottom | Q26: mark_winterbottom | R26: temp | S26: temp | T26: temp | U26: temp | V26: temp | W26: temp | X26: temp | Y26: temp | Z26: temp | AA26: temp | AB26: temp | AC26: temp | AD26: temp | AE26: temp | AF26: temp
A27: 26 | B27: 10-ZB, GEN3 GM | C27: 17 | D27: [255, 255, 255] | E27: Todd Hazelwood | F27: HAZ | G27: Shell V-Power Racing Team | H27: Dick Johnson Racing | I27: 05_DJR | J27: DJR | K27: Ford | L27: FRD | M27: Todd Hazelwood, DJRS09-MR | N27: Todd_Hazelwood | O27: TH | P27: temp | Q27: todd_hazelwood | R27: temp | S27: temp | T27: temp | U27: temp | V27: temp | W27: temp | X27: temp | Y27: temp | Z27: temp | AA27: temp | AB27: temp | AC27: temp | AD27: temp | AE27: temp | AF27: temp
A28: 27 | B28: 5-RG, GEN3 GM | C28: 5 | D28: [255, 255, 255] | E28: Reuben Goodall | F28: GOO | G28: Tickford Racing | H28: Tickford Racing | I28: 02_TFR | J28: TFR | K28: Ford | L28: FRD | M28: Reuben Goodall | N28: Reuben_Goodall | O28: reuben_goodall | P28: 5-RG | Q28: temp | R28: temp | S28: temp | T28: temp | U28: temp | V28: temp | W28: temp | X28: temp | Y28: temp | Z28: temp | AA28: temp | AB28: temp | AC28: temp | AD28: temp | AE28: temp | AF28: temp
A29: 28 | B29: 30-AS, GEN3 Ford | C29: 30 | D29: [255, 255, 255] | E29: Aaron Seton | F29: SET | G29: Matt Stone Racing | H29: Matt Stone Racing | I29: 07_MSR | J29: MSR | K29: Chevrolet | L29: CHV | M29: Aaron Seton | N29: Aaron_Seton | O29: temp | P29: temp | Q29: temp | R29: temp | S29: temp | T29: temp | U29: temp | V29: temp | W29: temp | X29: temp | Y29: temp | Z29: temp | AA29: temp | AB29: temp | AC29: temp | AD29: temp | AE29: temp | AF29: temp
A30: 99 | B30: 00-MCH | C30: 0 | D30: [0,0,0] | E30: Mechanics R'Us | F30: RUS | G30: Mechanics R'Us | H30: Mechanics R'Us | I30: 10_T18 | J30: MCH | K30: Mechanics | L30: MCH | M30: Mechanics R'Us | N30: Jacko | O30: Bea | P30: Jack | Q30: temp | R30: temp | S30: temp | T30: temp | U30: temp | V30: temp | W30: temp | X30: temp | Y30: temp | Z30: temp | AA30: temp | AB30: temp | AC30: temp | AD30: temp | AE30: temp | AF30: temp
E36: =IF(COUNTIF($F:$F, J15)>0, J15, "")
E37: =IF(COUNTIF($F:$F, J16)>0, J16, "")
E38: =IF(COUNTIF($F:$F, J17)>0, J17, "")
E39: =IF(COUNTIF($F:$F, J18)>0, J18, "")
E40: =IF(COUNTIF($F:$F, J19)>0, J19, "")
E41: =IF(COUNTIF($F:$F, J20)>0, J20, "")
E42: =IF(COUNTIF($F:$F, J21)>0, J21, "")
E43: =IF(COUNTIF($F:$F, J22)>0, J22, "")
E44: =IF(COUNTIF($F:$F, J23)>0, J23, "")
E45: =IF(COUNTIF($F:$F, J24)>0, J24, "")
E46: =IF(COUNTIF($F:$F, J25)>0, J25, "")
E47: =IF( COUNTIF($F:$F,#REF!)>0,#REF!, "")
E48: =IF( COUNTIF($F:$F,#REF!)>0,#REF!, "")
E49: =IF( COUNTIF($F:$F,#REF!)>0,#REF!, "")
E50: =IF( COUNTIF($F:$F,#REF!)>0,#REF!, "")

Sheet teamLookup
A1: Team Name | B1: TLA
A2: Walkinshaw TWG Racing | B2: WTR
A3: Blanchard Racing Team | B3: BRT
A4: Matt Stone Racing | B4: MSR
A5: Tickford Racing | B5: TCK
A6: Brad Jones Racing | B6: BJR
A7: Erebus Motorsport | B7: ERE
A8: SCT Motorsport | B8: SCT
A9: Dick Johnson Racing | B9: DJR
A10: Team 18 | B10: T18
A11: Grove Racing | B11: GRV
A12: PremiAir Racing | B12: PAR
... A14: Brad Jones Racing (96) | B14: B96
