Workbook

Sheet skidPadValues
A1: X | B1: Y | C1: psi | D1: Row Index | E1: x_norm | F1: y_norm
A2: =IF(D2<parameters!$B$3,(D2/parameters!$B$3)*parameters!$B$2,parameters!$B$2+parameters!$B$1*SIN((D2-parameters!$B$3)/parameters!$B$4*2*PI())) -> 0 | B2: =IF(D2<parameters!$B$3,0,parameters!$B$1-parameters!$B$1*COS((D2-parameters!$B$3)/parameters!$B$4*2*PI())) -> 0 | C2: =IF(D2<parameters!$B$3,0,(D2-parameters!$B$3)/parameters!$B$4*2*PI()) -> 0 | D2: 0 | E2: =A2-parameters!$B$2 -> -10 | F2: =B2-parameters!$B$1 -> -40
A3: =IF(D3<parameters!$B$3,(D3/parameters!$B$3)*parameters!$B$2,parameters!$B$2+parameters!$B$1*SIN((D3-parameters!$B$3)/parameters!$B$4*2*PI())) -> 0.5 | B3: =IF(D3<parameters!$B$3,0,parameters!$B$1-parameters!$B$1*COS((D3-parameters!$B$3)/parameters!$B$4*2*PI())) -> 0 | C3: =IF(D3<parameters!$B$3,0,(D3-parameters!$B$3)/parameters!$B$4*2*PI()) -> 0 | D3: =D2+1 -> 1 | E3: =A3-parameters!$B$2 -> -9.5 | F3: =B3-parameters!$B$1 -> -40
A4: =IF(D4<parameters!$B$3,(D4/parameters!$B$3)*parameters!$B$2,parameters!$B$2+parameters!$B$1*SIN((D4-parameters!$B$3)/parameters!$B$4*2*PI())) -> 1 | B4: =IF(D4<parameters!$B$3,0,parameters!$B$1-parameters!$B$1*COS((D4-parameters!$B$3)/parameters!$B$4*2*PI())) -> 0 | C4: =IF(D4<parameters!$B$3,0,(D4-parameters!$B$3)/parameters!$B$4*2*PI()) -> 0 | D4: =D3+1 -> 2 | E4: =A4-parameters!$B$2 -> -9 | F4: =B4-parameters!$B$1 -> -40
A5: =IF(D5<parameters!$B$3,(D5/parameters!$B$3)*parameters!$B$2,parameters!$B$2+parameters!$B$1*SIN((D5-parameters!$B$3)/parameters!$B$4*2*PI())) -> 1.5 | B5: =IF(D5<parameters!$B$3,0,parameters!$B$1-parameters!$B$1*COS((D5-parameters!$B$3)/parameters!$B$4*2*PI())) -> 0 | C5: =IF(D5<parameters!$B$3,0,(D5-parameters!$B$3)/parameters!$B$4*2*PI()) -> 0 | D5: =D4+1 -> 3 | E5: =A5-parameters!$B$2 -> -8.5 | F5: =B5-parameters!$B$1 -> -40
A6: =IF(D6<parameters!$B$3,(D6/parameters!$B$3)*parameters!$B$2,parameters!$B$2+parameters!$B$1*SIN((D6-parameters!$B$3)/parameters!$B$4*2*PI())) -> 2 | B6: =IF(D6<parameters!$B$3,0,parameters!$B$1-parameters!$B$1*COS((D6-parameters!$B$3)/parameters!$B$4*2*PI())) -> 0 | C6: =IF(D6<parameters!$B$3,0,(D6-parameters!$B$3)/parameters!$B$4*2*PI()) -> 0 | D6: =D5+1 -> 4 | E6: =A6-parameters!$B$2 -> -8 | F6: =B6-parameters!$B$1 -> -40
A7: =IF(D7<parameters!$B$3,(D7/parameters!$B$3)*parameters!$B$2,parameters!$B$2+parameters!$B$1*SIN((D7-parameters!$B$3)/parameters!$B$4*2*PI())) -> 2.5 | B7: =IF(D7<parameters!$B$3,0,parameters!$B$1-parameters!$B$1*COS((D7-parameters!$B$3)/parameters!$B$4*2*PI())) -> 0 | C7: =IF(D7<parameters!$B$3,0,(D7-parameters!$B$3)/parameters!$B$4*2*PI()) -> 0 | D7: =D6+1 -> 5 | E7: =A7-parameters!$B$2 -> -7.5 | F7: =B7-parameters!$B$1 -> -40
A8: =IF(D8<parameters!$B$3,(D8/parameters!$B$3)*parameters!$B$2,parameters!$B$2+parameters!$B$1*SIN((D8-parameters!$B$3)/parameters!$B$4*2*PI())) -> 3 | B8: =IF(D8<parameters!$B$3,0,parameters!$B$1-parameters!$B$1*COS((D8-parameters!$B$3)/parameters!$B$4*2*PI())) -> 0 | C8: =IF(D8<parameters!$B$3,0,(D8-parameters!$B$3)/parameters!$B$4*2*PI()) -> 0 | D8: =D7+1 -> 6 | E8: =A8-parameters!$B$2 -> -7 | F8: =B8-parameters!$B$1 -> -40
A9: =IF(D9<parameters!$B$3,(D9/parameters!$B$3)*parameters!$B$2,parameters!$B$2+parameters!$B$1*SIN((D9-parameters!$B$3)/parameters!$B$4*2*PI())) -> 3.5 | B9: =IF(D9<parameters!$B$3,0,parameters!$B$1-parameters!$B$1*COS((D9-parameters!$B$3)/parameters!$B$4*2*PI())) -> 0 | C9: =IF(D9<parameters!$B$3,0,(D9-parameters!$B$3)/parameters!$B$4*2*PI()) -> 0 | D9: =D8+1 -> 7 | E9: =A9-parameters!$B$2 -> -6.5 | F9: =B9-parameters!$B$1 -> -40
A10: =IF(D10<parameters!$B$3,(D10/parameters!$B$3)*parameters!$B$2,parameters!$B$2+parameters!$B$1*SIN((D10-parameters!$B$3)/parameters!$B$4*2*PI())) -> 4 | B10: =IF(D10<parameters!$B$3,0,parameters!$B$1-parameters!$B$1*COS((D10-parameters!$B$3)/parameters!$B$4*2*PI())) -> 0 | C10: =IF(D10<parameters!$B$3,0,(D10-parameters!$B$3)/parameters!$B$4*2*PI()) -> 0 | D10: =D9+1 -> 8 | E10: =A10-parameters!$B$2 -> -6 | F10: =B10-parameters!$B$1 -> -40
A11: =IF(D11<parameters!$B$3,(D11/parameters!$B$3)*parameters!$B$2,parameters!$B$2+parameters!$B$1*SIN((D11-parameters!$B$3)/parameters!$B$4*2*PI())) -> 4.5 | B11: =IF(D11<parameters!$B$3,0,parameters!$B$1-parameters!$B$1*COS((D11-parameters!$B$3)/parameters!$B$4*2*PI())) -> 0 | C11: =IF(D11<parameters!$B$3,0,(D11-parameters!$B$3)/parameters!$B$4*2*PI()) -> 0 | D11: =D10+1 -> 9 | E11: =A11-parameters!$B$2 -> -5.5 | F11: =B11-parameters!$B$1 -> -40
A12: =IF(D12<parameters!$B$3,(D12/parameters!$B$3)*parameters!$B$2,parameters!$B$2+parameters!$B$1*SIN((D12-parameters!$B$3)/parameters!$B$4*2*PI())) -> 5 | B12: =IF(D12<parameters!$B$3,0,parameters!$B$1-parameters!$B$1*COS((D12-parameters!$B$3)/parameters!$B$4*2*PI())) -> 0 | C12: =IF(D12<parameters!$B$3,0,(D12-parameters!$B$3)/parameters!$B$4*2*PI()) -> 0 | D12: =D11+1 -> 10 | E12: =A12-parameters!$B$2 -> -5 | F12: =B12-parameters!$B$1 -> -40
A13: =IF(D13<parameters!$B$3,(D13/parameters!$B$3)*parameters!$B$2,parameters!$B$2+parameters!$B$1*SIN((D13-parameters!$B$3)/parameters!$B$4*2*PI())) -> 5.5 | B13: =IF(D13<parameters!$B$3,0,parameters!$B$1-parameters!$B$1*COS((D13-parameters!$B$3)/parameters!$B$4*2*PI())) -> 0 | C13: =IF(D13<parameters!$B$3,0,(D13-parameters!$B$3)/parameters!$B$4*2*PI()) -> 0 | D13: =D12+1 -> 11 | E13: =A13-parameters!$B$2 -> -4.5 | F13: =B13-parameters!$B$1 -> -40
A14: =IF(D14<parameters!$B$3,(D14/parameters!$B$3)*parameters!$B$2,parameters!$B$2+parameters!$B$1*SIN((D14-parameters!$B$3)/parameters!$B$4*2*PI())) -> 6 | B14: =IF(D14<parameters!$B$3,0,parameters!$B$1-parameters!$B$1*COS((D14-parameters!$B$3)/parameters!$B$4*2*PI())) -> 0 | C14: =IF(D14<parameters!$B$3,0,(D14-parameters!$B$3)/parameters!$B$4*2*PI()) -> 0 | D14: =D13+1 -> 12 | E14: =A14-parameters!$B$2 -> -4 | F14: =B14-parameters!$B$1 -> -40
... A1020: =IF(D1020<parameters!$B$3,(D1020/parameters!$B$3)*parameters!$B$2,parameters!$B$2+parameters!$B$1*SIN((D1020-parameters!$B$3)/parameters!$B$4*2*PI())) -> -29.610723 | B1020: =IF(D1020<parameters!$B$3,0,parameters!$B$1-parameters!$B$1*COS((D1020-parameters!$B$3)/parameters!$B$4*2*PI())) -> 34.433076 | C1020: =IF(D1020<parameters!$B$3,0,(D1020-parameters!$B$3)/parameters!$B$4*2*PI()) -> 17.418386 | D1020: =D1019+1 -> 1018 | E1020: =A1020-parameters!$B$2 -> -39.610723 | F1020: =B1020-parameters!$B$1 -> -5.566924

Sheet parameters
A1: R | B1: 40
A2: Length Straight | B2: 10
A3: Points Straight | B3: 20
A4: Points Circle | B4: 360
